{
    "items": [
        {
            "childName": "PointCloudRight",
            "localPosition": {
                "x": 0.7144455909729004,
                "y": 0.10242484509944916,
                "z": 0.20383501052856446
            },
            "localRotation": {
                "x": -0.2780069410800934,
                "y": -0.6360644102096558,
                "z": -0.27403703331947329,
                "w": 0.6656110286712647
            },
            "localScale": {
                "x": 1.0,
                "y": 1.0,
                "z": 1.0
            }
        },
        {
            "childName": "PointCloudLeft",
            "localPosition": {
                "x": 0.026934277266263963,
                "y": 0.10539386421442032,
                "z": 0.2049141377210617
            },
            "localRotation": {
                "x": 0.6429069638252258,
                "y": 0.27015793323516848,
                "z": 0.6691353917121887,
                "w": -0.2567939758300781
            },
            "localScale": {
                "x": 1.0,
                "y": 1.0,
                "z": 1.0
            }
        },
        {
            "childName": "PointCloudBottom",
            "localPosition": {
                "x": 0.3917999863624573,
                "y": 0.0828000083565712,
                "z": 0.02465108036994934
            },
            "localRotation": {
                "x": -0.016383755952119829,
                "y": 0.3638268709182739,
                "z": 0.9313145875930786,
                "w": 0.0038376105949282648
            },
            "localScale": {
                "x": 1.0,
                "y": 1.0,
                "z": 1.0
            }
        },
        {
            "childName": "PointCloudTop",
            "localPosition": {
                "x": 0.3873467445373535,
                "y": 0.4639463424682617,
                "z": 0.5162000060081482
            },
            "localRotation": {
                "x": 0.012222896330058575,
                "y": 0.923682451248169,
                "z": -0.38272538781166079,
                "w": 0.013512481935322285
            },
            "localScale": {
                "x": 1.0,
                "y": 1.0,
                "z": 1.0
            }
        }
    ]
}