{
    "calibrationOrigin": {
        "x": 0.30000001192092898,
        "y": 0.0,
        "z": 0.30000001192092898
    },
    "calibrationBoxSize": {
        "x": 0.07999999821186066,
        "y": 0.28999999165534975,
        "z": 0.4050000011920929
    },
    "items": [
        {
            "childName": "PointCloudRight",
            "localPosition": {
                "x": 0.7144455909729004,
                "y": 0.10242484509944916,
                "z": 0.20383501052856446
            },
            "localRotation": {
                "x": -0.2780069410800934,
                "y": -0.6360644102096558,
                "z": -0.27403703331947329,
                "w": 0.6656110286712647
            },
            "localScale": {
                "x": 1.0,
                "y": 1.0,
                "z": 1.0
            }
        },
        {
            "childName": "PointCloudLeft",
            "localPosition": {
                "x": 0.024441048502922059,
                "y": 0.10539386421442032,
                "z": 0.2254125326871872
            },
            "localRotation": {
                "x": 0.6543252468109131,
                "y": 0.2656994163990021,
                "z": 0.6579741835594177,
                "w": -0.26140445470809939
            },
            "localScale": {
                "x": 1.0,
                "y": 1.0,
                "z": 1.0
            }
        },
        {
            "childName": "PointCloudBottom",
            "localPosition": {
                "x": 0.3917999863624573,
                "y": 0.0828000083565712,
                "z": 0.02465108036994934
            },
            "localRotation": {
                "x": -0.016383755952119829,
                "y": 0.3638268709182739,
                "z": 0.9313145875930786,
                "w": 0.0038376105949282648
            },
            "localScale": {
                "x": 1.0,
                "y": 1.0,
                "z": 1.0
            }
        },
        {
            "childName": "PointCloudTop",
            "localPosition": {
                "x": 0.38894397020339968,
                "y": 0.45994633436203005,
                "z": 0.501183032989502
            },
            "localRotation": {
                "x": 0.00976506806910038,
                "y": 0.9237502217292786,
                "z": -0.38279595971107485,
                "w": 0.007581003941595554
            },
            "localScale": {
                "x": 1.0,
                "y": 1.0,
                "z": 1.0
            }
        }
    ]
}