{
    "items": [
        {
            "childName": "PointCloudRight",
            "localPosition": {
                "x": 0.6991000175476074,
                "y": 0.09049999713897705,
                "z": 0.24310000240802766
            },
            "localRotation": {
                "x": -0.6532815098762512,
                "y": 0.27059805393218996,
                "z": 0.6532815098762512,
                "w": 0.27059805393218996
            },
            "localScale": {
                "x": -1.0,
                "y": 1.0,
                "z": 1.0
            }
        },
        {
            "childName": "PointCloudLeft",
            "localPosition": {
                "x": 0.030300000682473184,
                "y": 0.08309999853372574,
                "z": 0.24210000038146974
            },
            "localRotation": {
                "x": 0.27059805393218996,
                "y": -0.6532815098762512,
                "z": 0.27059805393218996,
                "w": 0.6532815098762512
            },
            "localScale": {
                "x": 1.0,
                "y": 1.0,
                "z": -1.0
            }
        },
        {
            "childName": "PointCloudBottom",
            "localPosition": {
                "x": 0.382999986410141,
                "y": 0.08340000361204148,
                "z": 0.027499999850988389
            },
            "localRotation": {
                "x": -0.37055742740631106,
                "y": 0.0,
                "z": 0.0,
                "w": 0.928809642791748
            },
            "localScale": {
                "x": -1.0,
                "y": 1.0,
                "z": 1.0
            }
        },
        {
            "childName": "PointCloudTop",
            "localPosition": {
                "x": 0.38440001010894778,
                "y": 0.6812999844551086,
                "z": 0.5120000243186951
            },
            "localRotation": {
                "x": 0.9255405068397522,
                "y": 0.0,
                "z": 0.0,
                "w": 0.37864866852760317
            },
            "localScale": {
                "x": -1.0,
                "y": 1.0,
                "z": 1.0
            }
        }
    ]
}