{
    "items": [
        {
            "childName": "PointCloudRight",
            "localPosition": {
                "x": 0.6991000175476074,
                "y": 0.09049999713897705,
                "z": 0.24310000240802766
            },
            "localRotation": {
                "x": -0.6532815098762512,
                "y": 0.27059805393218996,
                "z": 0.6532815098762512,
                "w": 0.27059805393218996
            },
            "localScale": {
                "x": -1.0,
                "y": 1.0,
                "z": 1.0
            }
        },
        {
            "childName": "PointCloudLeft",
            "localPosition": {
                "x": 0.0466124601662159,
                "y": 0.0695742592215538,
                "z": 0.23014551401138307
            },
            "localRotation": {
                "x": 0.2616119980812073,
                "y": -0.6563134789466858,
                "z": 0.3002696931362152,
                "w": 0.6408197283744812
            },
            "localScale": {
                "x": 1.0,
                "y": 1.0,
                "z": -1.0
            }
        },
        {
            "childName": "PointCloudBottom",
            "localPosition": {
                "x": 0.41279998421669009,
                "y": 0.08380001038312912,
                "z": 0.02165108546614647
            },
            "localRotation": {
                "x": -0.36187979578971865,
                "y": -0.01186942495405674,
                "z": 0.004608015064150095,
                "w": 0.9321377873420715
            },
            "localScale": {
                "x": -1.0,
                "y": 1.0,
                "z": 1.0
            }
        },
        {
            "childName": "PointCloudTop",
            "localPosition": {
                "x": 0.4023039638996124,
                "y": 0.6807411313056946,
                "z": 0.5162000060081482
            },
            "localRotation": {
                "x": 0.9264033436775208,
                "y": -0.00286473729647696,
                "z": 0.0070497021079063419,
                "w": 0.3764559328556061
            },
            "localScale": {
                "x": -1.0,
                "y": 1.0,
                "z": 1.0
            }
        }
    ]
}